Nome;Código;PER;CHT;CHP;CHD;CHE;TOT;FLX;OBR;OPT;A|B;EXT;FORM_BAS;FORM_HUM;FORM_TEC;FORM_CMP;CC_UO1;CC_SM2;CC_SAI3;CC_SD4;CC_SF5;CC_HW6;PREQ;CREQ;Elementos41;Níveis41;Elementos42;Níveis42;Disposições;Ementa;QEXTR;DCN_base;DCN_ecp
Administração;FAGEN39901;-1;60;0;0;0;60;False;True;False;;;;;;;;;;;;;;;;;;;;FAGEN39401 Empreendorismo e Inovação;0;-1;-1
Álgebra Linear;FAMAT31022;2;45;0;0;0;45;True;True;False;A;False;True;False;False;False;False;False;False;False;False;False;FAMAT31021;;;;Matemática e Estatística|Pensamento Analítico e Crítico|Resolução de Problemas e Solução de Erros;Aplicação|Aplicação|Aplicação;Meticuloso|Adaptável|Orientado por Propósito;;0;21/22;-1
Algoritmos e Estrutura de Dados I;FACOM31201;-1;45;15;0;0;60;False;True;False;;;;;;;;;;;;;;;;;;;;FEELT!ED Estrutura de Dados;0;-1;-1
Algoritmos e Estruturas de Dados II;FACOM31303;-1;60;0;0;0;60;False;True;False;;;;;;;;;;;;;;;;;;;;FEELT!AA Análise de Algoritmos;0;-1;-1
Análise de Algoritmos;FEELT!AA;4;60;0;0;0;60;True;True;False;A;False;False;False;True;False;False;False;False;False;True;False;FEELT!ED;;Estruturas de Dados;Algoritmos e Complexidade;Análise;Matemática e Estatística|Pensamento Analítico e Crítico|Pesquisa e Aprendizagem Independente;Aplicação|Avaliação|Aplicação;Inventivo|Meticuloso|Orientado por Propósito;0;29/31/23;-1
Aprendizagem Profunda e Modelos Generativos;FEELT!APMG;7;30;15;0;0;45;True;True;False;A;False;False;False;True;False;False;False;True;False;False;False;FEELT!AMAQ;;Sistemas Inteligentes (IA);Análise;Matemática e Estatística|Resolução de Problemas e Solução de Erros|Pensamento Analítico e Crítico;Análise|Aplicação|Análise;Inventivo|Responsável|Orientado por Propósito;;0;6/34/7;-1
Aprendizagem de Máquina;FEELT!AMAQ;6;30;15;0;0;45;True;True;False;A;False;False;False;True;False;False;False;True;False;False;False;FAMAT31032/FEELT!FIA;;Sistemas Inteligentes (IA);Análise;Matemática e Estatística|Resolução de Problemas e Solução de Erros|Pensamento Analítico e Crítico;Análise|Aplicação|Análise;Inventivo|Responsável|Orientado por Propósito;;0;6/25/34;-1
Arquitetura de Redes de Computadores;GBC056;-1;60;0;0;0;60;False;True;False;;;;;;;;;;;;;;;;;;;;FEELT31724 Redes de Comunicações I;0;-1;-1
Arquitetura de Redes TCP/IP;GBC066;-1;30;30;0;0;60;False;True;False;;;;;;;;;;;;;;;;;;;;FEELT31831 Redes de Comunicações II;0;-1;-1
Arquitetura de Software Aplicada;FEELT!ASA;8;15;45;0;0;60;True;True;False;A;False;False;False;True;False;False;False;True;False;False;False;FEELT!ESOF/FEELT31724;;Fundamentos de Sistemas Computacionais|Estruturas de Dados;Algoritmos e Complexidade;Análise|Análise;Matemática e Estatística|Pensamento Analítico e Crítico|Resolução de Problemas e Solução de Erros;Análise|Análise|Aplicação;Meticuloso|Adaptável|Inventivo;0;2/15/14;-1
Arquitetura e Organização de Computadores;FEELT!AOC;4;60;0;0;0;60;True;True;False;A;False;False;False;True;False;False;False;False;False;False;True;FEELT!ESC;;Arquitetura e Organização de Computadores|Design Digital|Circuitos e Eletrônica;Aplicação|Compreensão|Compreensão;Pensamento Analítico e Crítico|Resolução de Problemas e Solução de Erros;Análise|Análise;Adaptável|Meticuloso|Responsável;;0;38;-1
Arte da Programação II;FEELT!PP;3;45;15;0;0;60;False;False;False;A;False;False;False;True;False;False;False;False;False;True;False;FEELT!PP;;Fundamentos de Programação|Linguagens de Programação|Fundamentos de Sistemas Computacionais;Aplicação|Aplicação|Compreensão;Pensamento Analítico e Crítico|Resolução de Problemas e Solução de Erros;Aplicação|Aplicação;Inventivo|Meticuloso|Autodirigido;;0;-1;-1
Atividades Acadêmicas Complementares;AAC;aac;-1;-1;-1;-1;90;True;True;False;A;False;False;False;False;True;False;False;False;False;False;False;;;;;;;;;0;-1;-1
Atividade de Conclusão de Curso;ACC;acc;-1;-1;-1;-1;300;True;True;False;A;False;False;False;True;False;False;False;False;False;False;False;*;;;;;;;;0;-1;-1
Atividades Curriculares de Extensão I;ACE1;4;0;0;0;90;90;True;False;False;A;True;False;True;False;False;False;False;False;False;False;False;;;;;;;;;0;42;-1
Atividades Curriculares de Extensão II;ACE2;5;0;0;0;90;90;True;False;False;A;True;False;True;False;False;False;False;False;False;False;False;ACE1;;;;;;;;0;42;-1
Atividades Curriculares de Extensão III;ACE3;6;0;0;0;75;75;True;False;False;A;True;False;True;False;False;False;False;False;False;False;False;ACE2;;;;;;;;0;42;-1
Atividades Curriculares de Extensão IV;ACE4;7;0;0;0;60;60;True;False;False;A;True;False;True;False;False;False;False;False;False;False;False;ACE3;;;;;;;;0;42;-1
Banco de Dados;FEELT!BD;4;15;45;0;0;60;True;True;False;A;False;False;False;True;False;False;True;False;False;False;False;FEELT!ED;;Gestão de Dados e Informação|Questões e Princípios de Segurança;Análise|Compreensão;Pensamento Analítico e Crítico|Resolução de Problemas e Solução de Erros;Aplicação|Aplicação;Meticuloso|Adaptável|Responsável;;0;9/33;-1
Bioinformática;FACOM39042;-1;60;0;0;0;60;False;False;True;;;;;;;;;;;;;;;;;;;;;0;-1;-1
Cálculo Diferencial e Integral I;FAMAT31011;1;90;0;0;0;90;True;True;False;A;False;True;False;False;False;False;False;False;False;False;False;;;;;Matemática e Estatística|Pensamento Analítico e Crítico|Resolução de Problemas e Solução de Erros;Aplicação|Aplicação|Aplicação;Meticuloso|Adaptável|Orientado por Propósito;;0;22;-1
Cálculo Diferencial e Integral II;FAMAT31012;2;90;0;0;0;90;True;True;False;A;False;True;False;False;False;False;False;False;False;False;False;FAMAT31011;;;;Matemática e Estatística|Pensamento Analítico e Crítico|Resolução de Problemas e Solução de Erros;Aplicação|Aplicação|Aplicação;Meticuloso|Adaptável|Orientado por Propósito;;0;22;-1
Cálculo Diferencial e Integral III;FAMAT31013;3;90;0;0;0;90;True;True;False;A;False;True;False;False;False;False;False;False;False;False;False;FAMAT31012;;;;Matemática e Estatística|Pensamento Analítico e Crítico|Resolução de Problemas e Solução de Erros;Aplicação|Aplicação|Aplicação;Meticuloso|Adaptável|Orientado por Propósito;;0;22;-1
Cálculo Numérico;FAMAT31032;5;60;0;0;0;60;True;True;False;A;False;True;False;False;False;False;False;False;False;False;False;FAMAT31013/FAMAT31022;;;;Matemática e Estatística|Pensamento Analítico e Crítico|Resolução de Problemas e Solução de Erros;Aplicação|Aplicação|Aplicação;Meticuloso|Adaptável|Orientado por Propósito;;0;22/34;-1
Ciência de Dados I;FACOM32602;-1;30;30;0;0;60;False;False;True;;;;;;;;;;;;;;;;;;;;;0;-1;-1
Ciência de Dados II;FACOM32701;-1;30;30;0;0;60;False;False;True;;;;;;;;;;;;;;;;;;;;;0;-1;-1
Ciências Econômicas;IERI39001;-1;60;0;0;0;60;False;True;False;;;;;;;;;;;;;;;;;;;;IERI39601 Engenharia Econômica;0;-1;-1
Ciências Econômicas;IEUFU39901;-1;60;0;0;0;60;False;True;False;;;;;;;;;;;;;;;;;;;;IERI39601 Engenharia Econômica;0;-1;-1
Ciências Sociais e Jurídicas;FADIR39901;-1;60;0;0;0;60;False;False;True;;;;;;;;;;;;;;;;;;;;;0;-1;-1
Circuitos Elétricos II;FEELT31403;-1;60;0;0;0;60;False;False;True;;;;;;;;;;;;;;;;;;;;;0;-1;-1
Circuitos Elétricos II, Experimental de;FEELT31404;-1;0;30;0;0;30;False;False;True;;;;;;;;;;;;;;;;;;;;;0;-1;-1
Circuitos Elétricos I;FEELT31301;4;75;0;0;0;75;True;True;False;A;False;False;False;True;False;False;False;False;False;False;True;INFIS39033;;Circuitos e Eletrônica;Análise;Matemática e Estatística|Pensamento Analítico e Crítico|Resolução de Problemas e Solução de Erros;Aplicação|Aplicação|Aplicação;Meticuloso|Adaptável|Responsável;;0;-1;12/13
Circuitos Elétricos I, Experimental de;FEELT31302;4;0;15;0;0;15;True;True;False;A;False;False;False;True;False;False;False;False;False;False;True;FEELT31204;FEELT31301;Circuitos e Eletrônica;Análise;Matemática e Estatística|Pensamento Analítico e Crítico|Resolução de Problemas e Solução de Erros;Aplicação|Aplicação|Aplicação;Meticuloso|Adaptável|Responsável;;5/6;-1;12/13
Cloud Computing Architecture AWS;FEELT!CCAWS;-1;0;0;45;0;45;False;False;True;;;;;;;;;;;;;;;;;;;;;0;-1;-1
Compiladores;FACOM39043;-1;60;0;0;0;60;False;False;True;;;;;;;;;;;;;;;;;;;;;0;1;-1
Computação e Sociedade;FEELT!CS;2;30;0;0;0;30;False;False;False;A;False;False;True;False;False;True;False;False;False;False;False;;;Questões Sociais e Prática Profissional;Avaliação;Pensamento Analítico e Crítico|Perspectivas Éticas e Interculturais|Comunicação Escrita|Comunicação Oral e Apresentação;Avaliação|Análise|Aplicação|Aplicação;Responsável|Profissional|Orientado por Propósito;;0;-1;-1
Computação Evolutiva;FEELT!CEVO;-1;30;15;0;0;45;False;False;True;;;;;;;;;;;;;FEELT!FIA;;;;;;;;1;-1;-1
Computação Evolutiva;GBC210;-1;60;0;0;0;60;False;False;True;;;;;;;;;;;;;;;;;;;;;0;-1;-1
Computação Gráfica;GBC204;-1;60;0;0;0;60;False;False;True;;;;;;;;;;;;;;;;;;;;;0;-1;-1
Computação Gráfica RV-RA;FEELT31721;-1;30;15;0;0;45;False;False;True;;;;;;;;;;;;;FAMAT31022;;;;;;;;1;8/17;-1
Computação Quântica;FEELT!CQUA;-1;30;15;0;0;45;False;False;True;;;;;;;;;;;;;;;;;;;;;0;-1;-1
Construção de Compiladores;GBC071;-1;60;0;0;0;60;False;False;True;;;;;;;;;;;;;;;;;;;;;0;-1;-1
Contratos Inteligentes e Segurança Blockchain;FEELT39040O;-1;30;15;0;0;45;False;False;True;;;;;;;;;;;;;;;;;;;;;0;-1;-1
Criptografia;FACOM39044;-1;60;0;0;0;60;False;False;True;;;;;;;;;;;;;;;;;;;;;0;-1;-1
Data Warehouse;FACOM39049;-1;60;0;0;0;60;False;False;True;;;;;;;;;;;;;;;;;;;;;0;-1;-1
Desenvolvimento de MOOCs;FEELT39041;-1;30;15;0;0;45;False;False;True;;;;;;;;;;;;;;;;;;;;;0;-1;-1
Design Colaborativo;FEELT31623;-1;30;15;0;0;45;False;False;True;;;;;;;;;;;;;;;;;;;;;0;-1;-1
Direito e Legislação;FADIR39801;-1;30;0;0;0;30;False;False;True;;;;;;;;;;;;;;;;;;;;;2/4/5;-1;-1
Disciplinas Optativas;OPT;opt;-1;-1;-1;-1;90;True;False;True;A;False;False;False;False;True;False;False;False;False;False;False;;;;;;;;;0;-1;-1
Elementos de Sistemas Computacionais;FEELT!ESC;3;30;0;30;0;60;True;True;False;A;False;False;False;True;False;False;False;False;False;False;True;FEELT31409;;Design Digital|Circuitos e Eletrônica|Arquitetura e Organização de Computadores;Análise|Aplicação|Aplicação;Pensamento Analítico e Crítico|Resolução de Problemas e Solução de Erros;Aplicação|Aplicação;Meticuloso|Adaptável|Proativo;;0;38/37/1;10/0/2/1
Eletrônica Analógica I;FEELT31401;5;60;0;0;0;60;True;True;False;A;False;False;False;True;False;False;False;False;False;False;True;FEELT31301;;Circuitos e Eletrônica|Processamento de Sinais;Análise|Aplicação;Matemática e Estatística|Pensamento Analítico e Crítico|Resolução de Problemas e Solução de Erros;Aplicação|Aplicação|Aplicação;Meticuloso|Adaptável|Responsável;;0;-1;11/2/12/8
Eletrônica Analógica I, Experimental de;FEELT31402;5;0;30;0;0;30;True;True;False;A;False;False;False;True;False;False;False;False;False;False;True;;FEELT31401;Circuitos e Eletrônica|Processamento de Sinais;Análise|Aplicação;Matemática e Estatística|Pensamento Analítico e Crítico|Resolução de Problemas e Solução de Erros;Aplicação|Aplicação|Aplicação;Meticuloso|Adaptável|Responsável;;0;-1;11/2/12/8
Eletrônica Analógica II;FEELT32502;-1;60;0;0;0;60;False;False;True;;;;;;;;;;;;;FEELT31401;;;;;;;;1;-1;-1
Eletrônica Analógica II, Experimental de;FEELT31502;-1;0;30;0;0;30;False;False;True;;;;;;;;;;;;;;FEELT32502;;;;;;;1;-1;-1
Empreendedorismo e Inovação;FAGEN39401;5;30;0;0;0;30;True;True;False;A;False;False;False;True;False;True;False;False;False;False;False;;;Gestão de Projetos;Aplicação;Organização e Planejamento de Projetos e Tarefas|Controle e Garantia de Qualidade|Priorização e Gestão de Múltiplas Tarefas|Pensamento Analítico e Crítico;Avaliação|Compreensão|Aplicação|Análise;Adaptável|Responsável|Orientado por Propósito;;0;41/46;-1
Engenharia de Contexto em IA Generativa;FEELT!ECIA;8;15;0;30;0;45;True;True;False;A;False;False;False;True;False;False;False;True;False;False;False;FEELT!APMG;;Sistemas Inteligentes (IA);Análise;Matemática e Estatística|Resolução de Problemas e Solução de Erros|Pensamento Analítico e Crítico;Análise|Aplicação|Análise;Inventivo|Responsável|Orientado por Propósito;;0;6/42/40/3;-1
Engenharia de Software;FEELT!ESOF;5;45;0;0;0;45;True;True;False;A;False;False;False;True;False;False;False;False;True;False;False;FEELT!BD/FEELT!POO;;Processos de Software|Modelagem e Análise de Software|Qualidade de Software;Verificação e Validação;Análise|Análise|Aplicação;Pensamento Analítico e Crítico|Organização e Planejamento de Projetos e Tarefas;Análise|Aplicação;Adaptável|Colaborativo|Orientado por Propósito;0;36/2;-1
Engenharia Econômica;IERI39601;8;30;0;0;0;30;True;True;False;A;False;False;False;True;False;True;False;False;False;False;False;;;Gestão de Projetos;Análise;Matemática e Estatística|Organização e Planejamento de Projetos e Tarefas;Aplicação|Avaliação;Adaptável|Orientado por Propósito|Responsável;;0;47/46;-1
Estatística;FAMAT31033;4;60;0;0;0;60;True;True;False;A;False;True;False;False;False;False;False;False;False;False;False;;;;;Matemática e Estatística|Pensamento Analítico e Crítico|Resolução de Problemas e Solução de Erros;Aplicação|Aplicação|Aplicação;Meticuloso|Adaptável|Orientado por Propósito;;0;25;-1
Estrutura de Dados;FEELT!ED;3;60;0;0;0;60;True;True;False;A;False;False;False;True;False;False;False;False;False;True;False;FEELT!PP;;Estruturas de Dados;Algoritmos e Complexidade|Fundamentos de Sistemas Computacionais|Fundamentos de Programação;Análise|Aplicação|Análise;Pensamento Analítico e Crítico|Resolução de Problemas e Solução de Erros;Análise|Aplicação;Meticuloso|Inventivo|Adaptável;0;31/33;-1
Explorações em Arquiteturas Computacionais [por tipo];FEELT!EAC;-1;0;45;0;0;45;False;False;True;;;;;;;;;;;;;;;;;;;;;0;-1;-1
Explorações em Linguagens Computacionais [por tipo];FEELT!ELC;-1;30;0;15;0;45;False;False;True;;;;;;;;;;;;;;;;;;;;;0;-1;-1
Física Básica: Eletricidade e Magnetismo;INFIS39033;3;60;0;0;0;60;True;True;False;A;False;True;False;False;False;False;False;False;False;False;False;INFIS39031;;Circuitos e Eletrônica;Compreensão;Matemática e Estatística|Pensamento Analítico e Crítico|Resolução de Problemas e Solução de Erros;Aplicação|Aplicação|Aplicação;Meticuloso|Adaptável|Orientado por Propósito;;0;22;9/14/13
Física Básica: Eletricidade e Magnetismo, Experimental de;INFIS39034;3;0;30;0;0;30;True;True;False;A;False;True;False;False;False;False;False;False;False;False;False;;INFIS39033;Circuitos e Eletrônica;Compreensão;Matemática e Estatística|Pensamento Analítico e Crítico|Resolução de Problemas e Solução de Erros;Aplicação|Aplicação|Aplicação;Meticuloso|Adaptável|Orientado por Propósito;;0;22;9/14/13
Física Básica: Mecânica;INFIS39031;2;60;0;0;0;60;True;True;False;A;False;True;False;False;False;False;False;False;False;False;False;FAMAT31011;;;;Matemática e Estatística|Pensamento Analítico e Crítico|Resolução de Problemas e Solução de Erros;Aplicação|Aplicação|Aplicação;Meticuloso|Adaptável|Orientado por Propósito;;0;22;14
Física Básica: Mecânica, Experimental de;INFIS39032;2;0;30;0;0;30;True;True;False;A;False;True;False;False;False;False;False;False;False;False;False;;INFIS39031;;;Matemática e Estatística|Pensamento Analítico e Crítico|Resolução de Problemas e Solução de Erros;Aplicação|Aplicação|Aplicação;Meticuloso|Adaptável|Orientado por Propósito;;0;22;14
Física Básica: Oscilações, Ondas e Óptica;INFIS31402;4;60;0;0;0;60;False;False;True;A;False;True;False;False;False;False;False;False;False;False;True;INFIS39033;INFIS39056;Processamento de Sinais;Compreensão;Matemática e Estatística|Pensamento Analítico e Crítico|Resolução de Problemas e Solução de Erros;Aplicação|Aplicação|Aplicação;Meticuloso|Adaptável|Orientado por Propósito;;0;-1;-1
Física Básica: Oscilações, Ondas e Óptica, Experimental de;INFIS39056;4;0;30;0;0;30;False;False;True;A;False;True;False;False;False;False;False;False;False;False;True;;INFIS31402;Processamento de Sinais;Compreensão;Matemática e Estatística|Pensamento Analítico e Crítico|Resolução de Problemas e Solução de Erros;Aplicação|Aplicação|Aplicação;Meticuloso|Adaptável|Orientado por Propósito;;0;-1;-1
Fontes Renováveis não Convencionais - Técnicas e Aplicações;FEELT39047;-1;45;15;0;0;60;False;False;True;;;;;;;;;;;;;;;;;;;;;0;-1;-1
Fundamentos da Inteligência Artificial;FEELT!FIA;5;30;15;0;0;45;True;True;False;A;False;False;False;True;False;False;False;True;False;False;False;FAMAT31033;;Sistemas Inteligentes (IA);Análise;Matemática e Estatística|Resolução de Problemas e Solução de Erros|Pensamento Analítico e Crítico;Análise|Aplicação|Análise;Inventivo|Responsável|Orientado por Propósito;;0;6/28/33;-1
Geometria Analítica;FAMAT31021;1;60;0;0;0;60;True;True;False;A;False;True;False;False;False;False;False;False;False;False;False;;;;;Matemática e Estatística|Pensamento Analítico e Crítico|Resolução de Problemas e Solução de Erros;Aplicação|Aplicação|Aplicação;Meticuloso|Adaptável|Orientado por Propósito;;0;22;-1
Gerenciamento de Banco de Dados;GBC053;-1;60;0;0;0;60;False;False;True;;;;;;;;;;;;;;;;;;;;;0;-1;-1
Gerenciamento de Projetos;FAGEN32502;-1;30;30;0;0;60;False;True;False;;;;;;;;;;;;;;;;;;;;FAGEN39401 Empreendorismo e Inovação;0;-1;-1
IA Aplicada à Cibersegurança;FEELT!IACS;8;15;0;30;0;45;True;True;False;A;False;False;False;True;False;False;False;True;False;False;False;FEELT!SEG/FEELT!APMG;;Sistemas Inteligentes (IA);Análise;Matemática e Estatística|Resolução de Problemas e Solução de Erros|Pensamento Analítico e Crítico;Análise|Aplicação|Análise;Inventivo|Responsável|Orientado por Propósito;;0;6/11/4;-1
Instalações Elétricas;FEELT31603;-1;30;0;0;0;30;False;False;True;;;;;;;;;;;;;;;;;;;;;0;-1;-1
Inteligência Artificial;FACOM39050;-1;60;0;0;0;60;False;True;False;;;;;;;;;;;;;;;;;;;;FEELT!FIA Fundamentos da Inteligência Artificial;0;-1;-1
Inteligência Artificial;GBC063;-1;60;0;0;0;60;False;True;False;;;;;;;;;;;;;;;;;;;;FEELT!FIA Fundamentos da Inteligência Artificial;0;-1;-1
Inteligência Artificial Aplicada aos Negócios;GSI051;-1;60;0;0;0;60;False;False;True;;;;;;;;;;;;;;;;;;;;;0;-1;-1
Inteligência Artificial Aplicada aos Negócios;GBC209;-1;60;0;0;0;60;False;False;True;;;;;;;;;;;;;;;;;;;;;0;-1;-1
Inteligência Artificial, Ética e Sociedade;FEELT!IAES;3;30;0;0;0;30;True;True;False;A;False;False;True;False;False;True;False;False;False;False;False;;;Questões Sociais e Prática Profissional;Compreensão;Perspectivas Éticas e Interculturais|Pensamento Analítico e Crítico;Compreensão|Aplicação;Responsável|Meticuloso|Profissional;;2/4/5;6/40/42/43/45;-1
Inteligência Computacional;GBC073;-1;60;0;0;0;60;False;False;True;;;;;;;;;;;;;;;;;;;;;0;-1;-1
Interação Humano-Computador;GSI037;-1;60;0;0;0;60;False;False;True;;;;;;;;;;;;;;;;;;;;;0;-1;-1
Introdução à Engenharia de Computação;FEELT31103;1;30;0;0;0;30;True;True;False;A;False;False;True;False;False;True;False;False;False;False;False;;;Questões Sociais e Prática Profissional;Compreensão;Colaboração e Trabalho em Equipe|Comunicação Oral e Apresentação|Perspectivas Éticas e Interculturais;Aplicação|Aplicação|Compreensão;Responsável|Colaborativo|Profissional;;2/4/5/6;42/43/40/44/41/45;-1
Introdução à Prototipagem Eletrônica;FEELT!IPE;1;0;30;0;0;30;True;True;False;A;False;False;False;True;False;False;False;False;False;False;True;;;Circuitos e Eletrônica|Design Digital;Compreensão|Compreensão;Pesquisa e Aprendizagem Independente|Colaboração e Trabalho em Equipe|Resolução de Problemas e Solução de Erros|Comunicação Oral e Apresentação;Aplicação|Aplicação|Aplicação|Compreensão;Inventivo|Autodirigido|Proativo;;0;18/13;12/10/0/7
Língua Brasileira de Sinais - Libras I;LIBRAS01;-1;30;30;0;0;60;False;False;True;;;;;;;;;;;;;;;;;;;;;1/3;-1;-1
Língua Brasileira de Sinais - Libras II;LIBRAS02;-1;30;30;0;0;60;False;False;True;;;;;;;;;;;;;;;;;;;;;3;-1;-1
Linguagens Formais e Autômatos;GBC044;-1;60;0;0;0;60;False;True;False;;;;;;;;;;;;;;;;;;;;FEELT!TCOMP Teoria da Computação;0;-1;-1
Lógica e Matemática Discreta para Computação;FEELT!LMD;1;45;0;0;0;45;True;True;False;A;False;True;False;False;False;False;False;False;False;False;False;;;Fundamentos de Programação|Estruturas de Dados;Algoritmos e Complexidade;Compreensão|Compreensão;Matemática e Estatística|Pensamento Analítico e Crítico|Resolução de Problemas e Solução de Erros|Comunicação Escrita;Aplicação|Aplicação|Compreensão|Compreensão;Meticuloso|Adaptável|Orientado por Propósito;0;20/28/24/35;-1
Memorial de Atividades Curriculares de Extensão;FEELT!MACE;8;0;0;0;30;30;True;False;False;A;True;False;True;False;False;False;False;False;False;False;False;ACE4;;;;;;;;0;44/42;-1
Métodos Matemáticos;FAMAT31031;4;75;0;0;0;75;True;True;False;A;False;True;False;False;False;False;False;False;False;False;False;FAMAT31013;;;;Matemática e Estatística|Pensamento Analítico e Crítico|Resolução de Problemas e Solução de Erros;Aplicação|Aplicação|Aplicação;Meticuloso|Adaptável|Orientado por Propósito;;0;22;-1
Metrologia;FEELT31204;2;30;30;0;0;60;True;True;False;A;False;True;False;False;False;False;False;False;False;False;True;;;Processamento de Sinais|Circuitos e Eletrônica;Compreensão|Compreensão;Matemática e Estatística|Resolução de Problemas e Solução de Erros|Controle e Garantia de Qualidade;Aplicação|Aplicação|Aplicação;Meticuloso|Responsável|Orientado por Propósito;;5/6;18/45/22;7
Micro e Nanoeletrônica;FEELT39043;-1;30;15;0;0;45;False;False;True;;;;;;;;;;;;;;;;;;;;;0;-1;-1
Mineração de Dados;GBC212;-1;60;0;0;0;60;False;False;True;;;;;;;;;;;;;;;;;;;;;0;-1;-1
Mineração de Dados;GBC212;-1;60;0;0;0;60;False;False;True;;;;;;;;;;;;;;;;;;;;;0;-1;-1
Mineração de Dados;GSI055;-1;60;0;0;0;60;False;False;True;;;;;;;;;;;;;;;;;;;;;0;-1;-1
Modelagem e Simulação;GBC065;-1;60;0;0;0;60;False;False;True;;;;;;;;;;;;;;;;;;;;;0;-1;-1
Modelagem e Simulação de Sistemas a Eventos Discretos;FEELT32901;-1;45;15;0;0;60;False;False;True;;;;;;;;;;;;;;;;;;;;;0;-1;-1
Modelos de Linguagem e Agentes de IA;FEELT!MLIA;-1;30;15;0;0;45;False;False;True;;;;;;;;;;;;;;;;;;;;;0;-1;-1
Multimídia;GBC213;-1;60;0;0;0;60;False;False;True;;;;;;;;;;;;;;;;;;;;;0;12;-1
Organização e Recuperação da Informação;FACOM32605;-1;30;30;0;0;60;False;False;True;;;;;;;;;;;;;;;;;;;;;0;-1;-1
Otimização;GSI027;-1;60;0;0;0;60;False;False;True;;;;;;;;;;;;;;;;;;;;;0;-1;-1
Otimização;FACOM31601;-1;60;0;0;0;60;False;False;True;;;;;;;;;;;;;;;;;;;;;0;26;-1
Otimização e Simulação;FEELT31723;-1;30;15;0;0;45;False;False;True;;;;;;;;;;;;;;;;;;;;;0;-1;-1
Perspectivas em Engenharia de Computação PEC30 [por tipo];FEELT!PEC30;-1;-1;-1;-1;-1;30;False;True;False;;;;;;;;;;;;;;;;;;;;;0;-1;-1
Perspectivas em Engenharia de Computação PEC45 [por tipo];FEELT!PEC45;-1;-1;-1;-1;-1;45;False;True;False;;;;;;;;;;;;;;;;;;;;;0;-1;-1
Perspectivas em Engenharia de Computação PEC60 [por tipo];FEELT!PEC60;-1;-1;-1;-1;-1;60;False;True;False;;;;;;;;;;;;;;;;;;;;;0;-1;-1
Perspectivas em Engenharia de Computação PEC75 [por tipo];FEELT!PEC75;-1;-1;-1;-1;-1;75;False;True;False;;;;;;;;;;;;;;;;;;;;;0;-1;-1
Pesquisa Operacional;FAGEN31703;-1;30;30;0;0;60;False;False;True;;;;;;;;;;;;;;;;;;;;;0;26;-1
Princípios e Padrões de Projeto;FACOM31401;-1;30;30;0;0;60;False;False;True;;;;;;;;;;;;;;;;;;;;;0;-1;-1
Processamento Digital de Imagens;GSI058;-1;60;0;0;0;60;False;False;True;;;;;;;;;;;;;;;;;;;;;0;-1;-1
Processamento Digital de Imagens;FACOM39053;-1;60;0;0;0;60;False;False;True;;;;;;;;;;;;;;;;;;;;;0;-1;-1
Processamento Digital de Sinais;FEELT31628;6;45;15;0;0;60;True;True;False;A;False;False;False;True;False;False;False;False;False;False;True;FAMAT31031;;Processamento de Sinais;Análise;Matemática e Estatística|Pensamento Analítico e Crítico|Resolução de Problemas e Solução de Erros;Análise|Análise|Aplicação;Meticuloso|Adaptável|Inventivo;;0;22/34;3
Programação Funcional;FEELT!PF;3;30;15;0;0;45;True;True;False;A;False;False;False;True;False;False;False;False;False;True;False;;;Fundamentos de Programação|Linguagens de Programação|Estruturas de Dados;Algoritmos e Complexidade;Análise|Análise|Aplicação;Matemática e Estatística|Pensamento Analítico e Crítico|Resolução de Problemas e Solução de Erros;Compreensão|Aplicação|Aplicação;Inventivo|Meticuloso|Autodirigido;0;21/33/32/19;-1
Programação Funcional;GBC033;-1;30;30;0;0;60;False;True;False;;;;;;;;;;;;;;;;;;;;FEELT!PF Programação Funcional;0;-1;-1
Programação Lógica;GBC025;-1;30;30;0;0;60;False;False;True;;;;;;;;;;;;;;;;;;;;;0;-1;-1
Programação Lógica e Inteligência Artificial;FEELT31407;-1;30;15;0;0;45;False;False;True;;;;;;;;;;;;;;;;;;;;;0;-1;-1
Programação Orientada a Objetos;FEELT!POO;3;30;30;0;0;60;True;True;False;A;False;False;False;True;False;False;True;False;False;False;False;FEELT!PP;;Análise e Design de Sistemas|Questões e Princípios de Segurança|Gestão de Dados e Informações;Análise|Aplicação|Aplicação;Pensamento Analítico e Crítico|Resolução de Problemas e Solução de Erros;Aplicação|Aplicação;Inventivo|Meticuloso|Colaborativo;;0;33/2;-1
Programação para Dispositivos Móveis;FACOM32503;-1;30;30;0;0;60;False;False;True;;;;;;;;;;;;;;;;;;;;;0;-1;-1
Programação para Internet;GBC084;-1;30;30;0;0;60;False;False;True;;;;;;;;;;;;;;;;;;;;;0;-1;-1
Programação Paralela e Distribuída;GSI059;-1;60;0;0;0;60;False;False;True;;;;;;;;;;;;;;;;;;;;;0;-1;-1
Programação Procedimental;FEELT!PP;2;30;30;0;0;60;True;True;False;A;False;False;False;True;False;False;False;False;False;True;False;FEELT!PS;;Fundamentos de Programação|Linguagens de Programação|Estruturas de Dados;Algoritmos e Complexidade;Aplicação|Aplicação|Aplicação;Pensamento Analítico e Crítico|Resolução de Problemas e Solução de Erros;Aplicação|Aplicação;Meticuloso|Inventivo|Adaptável;0;33;-1
Programação Script;FEELT!PS;1;30;30;0;0;60;True;True;False;A;False;False;False;True;False;False;False;False;False;True;False;;;Fundamentos de Programação|Fundamentos de Sistemas Computacionais|Estruturas de Dados;Algoritmos e Complexidade|Linguagens de Programação;Aplicação|Compreensão|Compreensão|Aplicação;Pensamento Analítico e Crítico|Resolução de Problemas e Solução de Erros|Pesquisa e Aprendizagem Independente|Colaboração e Trabalho em Equipe|Comunicação Oral e Apresentação;Compreensão|Compreensão|Aplicação|Aplicação|Aplicação;Autodirigido|Meticuloso|Inventivo;0;33;-1
Programação Web;FEELT!PW;5;30;15;0;0;45;False;False;False;A;False;False;False;True;False;False;True;False;False;False;False;FEELT!BD;;Análise e Design de Sistemas|Questões e Princípios de Segurança|Gestão de Dados e Informações;Análise|Aplicação|Aplicação;Pesquisa e Aprendizagem Independente|Resolução de Problemas e Solução de Erros;Aplicação|Aplicação;Inventivo|Adaptável|Colaborativo;;0;-1;-1
Projeto de Redes de Computadores;GBC219;-1;45;15;0;0;60;False;False;True;;;;;;;;;;;;;;;;;;;;;0;-1;-1
Projetos de Hardware e Firmware para IOT;FEELT!PHFI;8;0;45;0;0;45;False;False;True;A;False;False;False;True;False;False;False;True;False;False;False;FEELT31523;;Sistemas Embarcados|Internet das Coisas (IoT)|Tecnologia de Sistemas Integrados;Aplicação|Aplicação|Aplicação;Resolução de Problemas e Solução de Erros|Comunicação Oral e Apresentação;Análise|Aplicação;Adaptável|Inventivo|Colaborativo;;1;-1;-1
Projetos Digitais com FPGA;FEELT!FPGA;-1;0;45;0;0;45;False;False;True;;;;;;;;;;;;;;;;;;;;;0;-1;1
Redes de Comunicações I;FEELT31724;6;45;15;0;0;60;True;True;False;A;False;False;False;True;False;False;False;True;False;False;False;FEELT!SO;;Redes de Computadores;Análise;Pensamento Analítico e Crítico|Resolução de Problemas e Solução de Erros|Organização e Planejamento de Projetos e Tarefas;Análise|Aplicação|Avaliação;Adaptável|Meticuloso|Orientado por Propósito;;0;4/39;4
Redes de Comunicações II;FEELT31831;7;45;15;0;0;60;True;True;False;A;False;False;False;True;False;False;False;True;False;False;False;FEELT31724;;Redes de Computadores;Análise;Pensamento Analítico e Crítico|Resolução de Problemas e Solução de Erros|Organização e Planejamento de Projetos e Tarefas;Análise|Aplicação|Avaliação;Adaptável|Meticuloso|Orientado por Propósito;;0;4/39;4
Redes de Sensores e Internet das Coisas;FEELT39057;-1;45;15;0;0;60;False;False;True;;;;;;;;;;;;;;;;;;;;;0;-1;-1
Redes Industriais para Controle e Automação I;FEELT31713;-1;60;15;0;0;75;False;True;False;;;;;;;;;;;;;;;;;;;;FEELT31724 Redes de Comunicações I;0;-1;-1
Redes Industriais para Controle e Automação II;FEELT32801;-1;30;60;0;0;90;False;True;False;;;;;;;;;;;;;;;;;;;;FEELT31831 Redes de Comunicações II;0;-1;-1
Resolução de Problemas;FEELT39042;-1;30;15;0;0;45;False;False;True;;;;;;;;;;;;;;;;;;;;;0;-1;-1
Resolução de Problemas I;FEELT!RP1;-1;0;45;0;0;45;False;False;True;;;;;;;;;;;;;;;;;;;;;0;-1;-1
Resolução de Problemas II;FEELT!RP2;-1;0;45;0;0;45;False;False;True;;;;;;;;;;;;;;;;;;;;;0;-1;-1
Robótica;FEELT31722;-1;45;15;0;0;60;False;False;True;;;;;;;;;;;;;FEELT!SCON;;;;;;;;1;16;-1
Segurança de Sistemas Computacionais;FEELT!SEG;7;15;0;30;0;45;True;True;False;A;False;False;False;True;False;False;False;True;False;False;False;FEELT31724;;Análise e Design de Sistemas|Questões e Princípios de Segurança|Gestão de Dados e Informações;Análise|Aplicação;Resolução de Problemas e Solução de Erros|Pensamento Analítico e Crítico;Aplicação|Aplicação;Adaptável|Proativo|Responsável;;0;11/0/4;-1
Sinais e Multimídia;FEELT31526;-1;30;15;0;0;45;False;False;True;;;;;;;;;;;;;;;;;;;;;0;-1;-1
Sistemas Computacionais em Tempo Real;FEELT!SCTR;7;15;30;0;0;45;True;True;False;A;False;False;False;True;False;False;False;True;False;False;False;FEELT31523;;Sistemas Embarcados|Tecnologia de Sistemas Integrados;Análise|Aplicação;Resolução de Problemas e Solução de Erros|Pensamento Analítico e Crítico;Aplicação|Aplicação;Adaptável|Proativo|Responsável;;0;39/10/0/5;5/0/6
Sistemas de Banco de Dados;GBC043;-1;60;30;0;0;90;False;True;False;;;;;;;;;;;;;;;;;;;;FEELT!BD Banco de Dados;0;-1;-1
Sistemas Digitais;FEELT31409;2;30;0;0;0;30;True;True;False;A;False;False;False;True;False;False;False;False;False;False;True;FEELT!LMD;;Circuitos e Eletrônica|Design Digital;Compreensão|Compreensão;Pensamento Analítico e Crítico|Resolução de Problemas e Solução de Erros;Aplicação|Aplicação;Meticuloso|Adaptável|Responsável;;0;37;10/0
Sistemas Digitais, Experimental de;FEELT31410;2;0;30;0;0;30;True;True;False;A;False;False;False;True;False;False;False;False;False;False;True;;FEELT31409;Circuitos e Eletrônica|Design Digital;Aplicação|Aplicação;Pensamento Analítico e Crítico|Resolução de Problemas e Solução de Erros;Aplicação|Aplicação;Meticuloso|Adaptável|Responsável;;0;37;10/0
Sistemas Distribuídos;FEELT!SD;8;45;0;0;0;45;True;True;False;A;False;False;False;True;False;False;False;True;False;False;False;FEELT31724;;Computação Paralela e Distribuída|Redes de Computadores;Aplicação|Aplicação;Resolução de Problemas e Solução de Erros|Comunicação Oral e Apresentação;Aplicação|Aplicação;Adaptável|Inventivo|Colaborativo;;0;39/9/10/15;4
Sistemas Distribuídos;GBC074;-1;60;0;0;0;60;False;True;False;;;;;;;;;;;;;;;;;;;;FEELT!SD Sistemas Distribuídos;0;-1;-1
Sistemas Distribuídos;FACOM32606;-1;60;0;0;0;60;False;True;False;;;;;;;;;;;;;;;;;;;;FEELT!SD Sistemas Distribuídos;0;-1;-1
Sistemas e Controle;FEELT!SCON;7;30;15;0;0;45;True;True;False;A;False;False;False;True;False;False;False;True;False;False;False;FEELT31628;;Redes de Computadores;Análise;Pensamento Analítico e Crítico|Resolução de Problemas e Solução de Erros|Organização e Planejamento de Projetos e Tarefas;Análise|Aplicação|Avaliação;Adaptável|Meticuloso|Orientado por Propósito;;0;18/34;5/6
Sistemas Embarcados I;FEELT31523;6;45;30;0;0;75;True;True;False;A;False;False;False;True;False;False;False;True;False;False;False;FEELT31401/FEELT!SO;;Sistemas Embarcados|Tecnologia de Sistemas Integrados;Análise|Aplicação;Resolução de Problemas e Solução de Erros|Pensamento Analítico e Crítico;Aplicação|Aplicação;Adaptável|Proativo|Responsável;;0;18/0/5/13;0/10/2/7/5/6
Sistemas Embarcados II;FEELT39015;-1;30;30;0;0;60;False;False;True;;;;;;;;;;;;;FEELT31523;;;;;;;;1;-1;-1
Sistemas Operacionais;FEELT!SO;5;45;0;0;0;45;True;True;False;A;False;False;False;True;False;False;False;False;False;True;False;FEELT!PP/FEELT!AOC;;Sistemas Operacionais;Análise;Pensamento Analítico e Crítico|Resolução de Problemas e Solução de Erros|Organização e Planejamento de Projetos e Tarefas;Análise|Aplicação|Avaliação;Adaptável|Responsável|Meticuloso;;0;0;-1
Sistemas Operacionais;GBC045;-1;60;30;0;0;90;False;True;False;;;;;;;;;;;;;;;;;;;;FEELT!SO Sistemas Operacionais;0;-1;-1
Tecnologias Web e Mobile;FEELT31521;-1;30;15;0;0;45;False;False;True;;;;;;;;;;;;;;;;;;;;;0;-1;-1
Teoria da Computação;FEELT!TCOMP;6;45;0;0;0;45;True;True;False;A;False;False;False;True;False;False;False;False;False;True;False;FEELT!AA;;Fundamentos de Sistemas Computacionais|Estruturas de Dados;Algoritmos e Complexidade;Análise|Análise;Matemática e Estatística|Pensamento Analítico e Crítico|Resolução de Problemas e Solução de Erros;Análise|Análise|Aplicação;Meticuloso|Adaptável|Inventivo;0;27/30/29/35;-1
Tópicos em Engenharia de Computação TEC30 [por tipo];FEELT!TEC30;-1;-1;-1;-1;-1;30;False;False;True;;;;;;;;;;;;;;;;;;;;;0;-1;-1
Tópicos em Engenharia de Computação TEC45 [por tipo];FEELT!TEC45;-1;-1;-1;-1;-1;45;False;False;True;;;;;;;;;;;;;;;;;;;;;0;-1;-1
Tópicos em Engenharia de Computação TEC60 [por tipo];FEELT!TEC60;-1;-1;-1;-1;-1;60;False;False;True;;;;;;;;;;;;;;;;;;;;;0;-1;-1
Tópicos em Engenharia de Computação TEC75 [por tipo];FEELT!TEC75;-1;-1;-1;-1;-1;75;False;False;True;;;;;;;;;;;;;;;;;;;;;0;-1;-1
Tópicos Especiais em Engenharia de Computação: Bancos de Dados Não Relacionais;FEELT39040E;-1;30;15;0;0;45;False;False;True;;;;;;;;;;;;;;;;;;;;;0;-1;-1
Tópicos Especiais em Engenharia de Computação: Cloud Computing Architecture AWS;FEELT39040C;-1;30;15;0;0;45;False;False;True;;;;;;;;;;;;;;;;;;;;;0;-1;-1
Tópicos Especiais em Engenharia de Computação: Computação Evolutiva;FEELT39040G;-1;30;15;0;0;45;False;False;True;;;;;;;;;;;;;;;;;;;;;0;-1;-1
Tópicos Especiais em Engenharia de Computação: Desenvolvimento de hardware microcontrolado e firmware para IoT;FEELT39040P;-1;30;15;0;0;45;False;False;True;;;;;;;;;;;;;;;;;;;;;0;-1;-1
Tópicos Especiais em Engenharia de Computação: Desenvolvimento de Jogos com uso de Realidade Virtual e Aumentada;FEELT39040F;-1;30;15;0;0;45;False;False;True;;;;;;;;;;;;;;;;;;;;;0;-1;-1